1.6775389349969938E7,4160.02791677415,379667.224,8,13634.49760993,/bopt:boolControlVC='False',/bopt:coalesceBlocks='1',/bopt:liveVariableAnalysis='2',/bopt:monomorphize='True',/bopt:removeEmptyBlocks='1',/bopt:subsumption='1',/bopt:typeEncoding='m',/bopt:vc='m',/bopt:z3opt:SMT.MBQI='false',/bopt:z3opt:SMT.MBQI.MAX_ITERATIONS='25441',/deepAsserts='False',/di='False',/doNotUseLabels='True',/noCallTreeReuse='False',/noInitPruning='False',/nonUniformUnfolding='False',/staticInlining='False',/trackAllVars='True',/useArrayTheoryCheck='1'
1.531716704312863E7,5756.065805494788,381787.914,37,13634.902285869002,/bopt:boolControlVC='True',/bopt:coalesceBlocks='0',/bopt:liveVariableAnalysis='1',/bopt:monomorphize='True',/bopt:removeEmptyBlocks='1',/bopt:subsumption='1',/bopt:typeEncoding='a',/bopt:vc='l',/bopt:z3opt:SMT.MBQI='false',/bopt:z3opt:SMT.MBQI.MAX_ITERATIONS='2948',/deepAsserts='False',/di='False',/doNotUseLabels='False',/noCallTreeReuse='True',/noInitPruning='False',/nonUniformUnfolding='True',/staticInlining='False',/trackAllVars='True',/useArrayTheoryCheck='1'
1.2657803880273737E7,3653.9115398543295,378006.45,59,2703.822537901,/bopt:boolControlVC='False',/bopt:coalesceBlocks='0',/bopt:liveVariableAnalysis='2',/bopt:monomorphize='True',/bopt:removeEmptyBlocks='0',/bopt:subsumption='1',/bopt:typeEncoding='p',/bopt:vc='n',/bopt:z3opt:SMT.MBQI='false',/bopt:z3opt:SMT.MBQI.MAX_ITERATIONS='26870',/deepAsserts='True',/di='False',/doNotUseLabels='False',/noCallTreeReuse='True',/noInitPruning='False',/nonUniformUnfolding='True',/staticInlining='False',/trackAllVars='False',/useArrayTheoryCheck='2'
1.5242738451224351E7,3374.751931587842,378784.823,38,13055.331257503001,/bopt:boolControlVC='False',/bopt:coalesceBlocks='0',/bopt:liveVariableAnalysis='0',/bopt:monomorphize='True',/bopt:removeEmptyBlocks='0',/bopt:subsumption='0',/bopt:typeEncoding='m',/bopt:vc='b',/bopt:z3opt:SMT.MBQI='true',/bopt:z3opt:SMT.MBQI.MAX_ITERATIONS='16547',/deepAsserts='True',/di='False',/doNotUseLabels='False',/noCallTreeReuse='False',/noInitPruning='False',/nonUniformUnfolding='True',/staticInlining='False',/trackAllVars='False',/useArrayTheoryCheck='1'
1.5817779527489575E7,5506.968378384927,380851.785,32,13366.962277544002,/bopt:boolControlVC='False',/bopt:coalesceBlocks='0',/bopt:liveVariableAnalysis='1',/bopt:monomorphize='True',/bopt:removeEmptyBlocks='0',/bopt:subsumption='1',/bopt:typeEncoding='m',/bopt:vc='m',/bopt:z3opt:SMT.MBQI='false',/bopt:z3opt:SMT.MBQI.MAX_ITERATIONS='5469',/deepAsserts='False',/di='False',/doNotUseLabels='True',/noCallTreeReuse='False',/noInitPruning='False',/nonUniformUnfolding='False',/staticInlining='False',/trackAllVars='True',/useArrayTheoryCheck='0'
1.919588294221823E7,6140.5686515155985,378293.405,6,13446.633236814998,/bopt:boolControlVC='False',/bopt:coalesceBlocks='0',/bopt:liveVariableAnalysis='2',/bopt:monomorphize='True',/bopt:removeEmptyBlocks='1',/bopt:subsumption='1',/bopt:typeEncoding='m',/bopt:vc='s',/bopt:z3opt:SMT.MBQI='false',/bopt:z3opt:SMT.MBQI.MAX_ITERATIONS='2828',/deepAsserts='True',/di='False',/doNotUseLabels='False',/noCallTreeReuse='False',/noInitPruning='True',/nonUniformUnfolding='False',/staticInlining='False',/trackAllVars='True',/useArrayTheoryCheck='0'
1.3097483025294047E7,5491.639627640902,382794.458,23,2549.358649082,/bopt:boolControlVC='False',/bopt:coalesceBlocks='1',/bopt:liveVariableAnalysis='0',/bopt:monomorphize='True',/bopt:removeEmptyBlocks='1',/bopt:subsumption='1',/bopt:typeEncoding='a',/bopt:vc='m',/bopt:z3opt:SMT.MBQI='false',/bopt:z3opt:SMT.MBQI.MAX_ITERATIONS='1500',/deepAsserts='True',/di='True',/doNotUseLabels='False',/noCallTreeReuse='True',/noInitPruning='True',/nonUniformUnfolding='True',/staticInlining='False',/trackAllVars='True',/useArrayTheoryCheck='0'
1.42827091864973E7,5131.632162631654,378034.621,22,13558.963924083,/bopt:boolControlVC='False',/bopt:coalesceBlocks='0',/bopt:liveVariableAnalysis='1',/bopt:monomorphize='True',/bopt:removeEmptyBlocks='1',/bopt:subsumption='1',/bopt:typeEncoding='a',/bopt:vc='r',/bopt:z3opt:SMT.MBQI='false',/bopt:z3opt:SMT.MBQI.MAX_ITERATIONS='15297',/deepAsserts='True',/di='False',/doNotUseLabels='True',/noCallTreeReuse='True',/noInitPruning='True',/nonUniformUnfolding='False',/staticInlining='False',/trackAllVars='False',/useArrayTheoryCheck='2'
1.769043075340458E7,3804.3890159466514,378477.517,7,13600.776547399999,/bopt:boolControlVC='True',/bopt:coalesceBlocks='1',/bopt:liveVariableAnalysis='1',/bopt:monomorphize='False',/bopt:removeEmptyBlocks='1',/bopt:subsumption='1',/bopt:typeEncoding='p',/bopt:vc='n',/bopt:z3opt:SMT.MBQI='true',/bopt:z3opt:SMT.MBQI.MAX_ITERATIONS='9463',/deepAsserts='False',/di='False',/doNotUseLabels='True',/noCallTreeReuse='True',/noInitPruning='True',/nonUniformUnfolding='False',/staticInlining='False',/trackAllVars='False',/useArrayTheoryCheck='1'
1.5438913675590545E7,4528.820894400286,380179.85,23,13574.384582943001,/bopt:boolControlVC='False',/bopt:coalesceBlocks='0',/bopt:liveVariableAnalysis='2',/bopt:monomorphize='True',/bopt:removeEmptyBlocks='0',/bopt:subsumption='1',/bopt:typeEncoding='m',/bopt:vc='s',/bopt:z3opt:SMT.MBQI='true',/bopt:z3opt:SMT.MBQI.MAX_ITERATIONS='1238',/deepAsserts='False',/di='True',/doNotUseLabels='False',/noCallTreeReuse='True',/noInitPruning='False',/nonUniformUnfolding='True',/staticInlining='False',/trackAllVars='False',/useArrayTheoryCheck='2'
1.5882905188065939E7,5704.6528202756635,379450.119,18,13444.535889473002,/bopt:boolControlVC='True',/bopt:coalesceBlocks='1',/bopt:liveVariableAnalysis='0',/bopt:monomorphize='False',/bopt:removeEmptyBlocks='0',/bopt:subsumption='1',/bopt:typeEncoding='p',/bopt:vc='s',/bopt:z3opt:SMT.MBQI='false',/bopt:z3opt:SMT.MBQI.MAX_ITERATIONS='9489',/deepAsserts='False',/di='True',/doNotUseLabels='True',/noCallTreeReuse='False',/noInitPruning='True',/nonUniformUnfolding='True',/staticInlining='False',/trackAllVars='False',/useArrayTheoryCheck='1'
1.7863451467744045E7,4325.647658641773,379271.806,10,13621.840579027,/bopt:boolControlVC='False',/bopt:coalesceBlocks='0',/bopt:liveVariableAnalysis='2',/bopt:monomorphize='True',/bopt:removeEmptyBlocks='1',/bopt:subsumption='2',/bopt:typeEncoding='a',/bopt:vc='s',/bopt:z3opt:SMT.MBQI='false',/bopt:z3opt:SMT.MBQI.MAX_ITERATIONS='27952',/deepAsserts='False',/di='True',/doNotUseLabels='False',/noCallTreeReuse='True',/noInitPruning='True',/nonUniformUnfolding='True',/staticInlining='False',/trackAllVars='False',/useArrayTheoryCheck='1'
1.4572430132249117E7,5271.978685625008,384988.499,15,14139.90549399,/bopt:boolControlVC='True',/bopt:coalesceBlocks='1',/bopt:liveVariableAnalysis='0',/bopt:monomorphize='False',/bopt:removeEmptyBlocks='1',/bopt:subsumption='0',/bopt:typeEncoding='a',/bopt:vc='r',/bopt:z3opt:SMT.MBQI='false',/bopt:z3opt:SMT.MBQI.MAX_ITERATIONS='25876',/deepAsserts='False',/di='True',/doNotUseLabels='False',/noCallTreeReuse='False',/noInitPruning='True',/nonUniformUnfolding='True',/staticInlining='False',/trackAllVars='False',/useArrayTheoryCheck='1'
1.6334941352941237E7,4303.525633463952,380168.049,4,14448.250589577,/bopt:boolControlVC='False',/bopt:coalesceBlocks='0',/bopt:liveVariableAnalysis='1',/bopt:monomorphize='False',/bopt:removeEmptyBlocks='0',/bopt:subsumption='0',/bopt:typeEncoding='m',/bopt:vc='d',/bopt:z3opt:SMT.MBQI='false',/bopt:z3opt:SMT.MBQI.MAX_ITERATIONS='32307',/deepAsserts='False',/di='False',/doNotUseLabels='False',/noCallTreeReuse='False',/noInitPruning='False',/nonUniformUnfolding='False',/staticInlining='False',/trackAllVars='True',/useArrayTheoryCheck='0'
1.7056432334024433E7,5206.544253624315,378152.419,25,13591.190597294999,/bopt:boolControlVC='False',/bopt:coalesceBlocks='1',/bopt:liveVariableAnalysis='2',/bopt:monomorphize='False',/bopt:removeEmptyBlocks='1',/bopt:subsumption='0',/bopt:typeEncoding='a',/bopt:vc='l',/bopt:z3opt:SMT.MBQI='true',/bopt:z3opt:SMT.MBQI.MAX_ITERATIONS='3900',/deepAsserts='True',/di='True',/doNotUseLabels='True',/noCallTreeReuse='True',/noInitPruning='False',/nonUniformUnfolding='True',/staticInlining='False',/trackAllVars='False',/useArrayTheoryCheck='2'
1.4724238388114769E7,4410.754623621343,379835.568,9,2734.5399032830005,/bopt:boolControlVC='False',/bopt:coalesceBlocks='1',/bopt:liveVariableAnalysis='1',/bopt:monomorphize='False',/bopt:removeEmptyBlocks='1',/bopt:subsumption='0',/bopt:typeEncoding='p',/bopt:vc='n',/bopt:z3opt:SMT.MBQI='false',/bopt:z3opt:SMT.MBQI.MAX_ITERATIONS='23072',/deepAsserts='True',/di='False',/doNotUseLabels='False',/noCallTreeReuse='False',/noInitPruning='False',/nonUniformUnfolding='False',/staticInlining='False',/trackAllVars='True',/useArrayTheoryCheck='0'
1.317110421251345E7,5078.744522893843,381705.963,1,14394.040840464,/bopt:boolControlVC='False',/bopt:coalesceBlocks='0',/bopt:liveVariableAnalysis='0',/bopt:monomorphize='True',/bopt:removeEmptyBlocks='0',/bopt:subsumption='0',/bopt:typeEncoding='p',/bopt:vc='n',/bopt:z3opt:SMT.MBQI='true',/bopt:z3opt:SMT.MBQI.MAX_ITERATIONS='1000',/deepAsserts='False',/di='True',/doNotUseLabels='False',/noCallTreeReuse='False',/noInitPruning='False',/nonUniformUnfolding='False',/staticInlining='False',/trackAllVars='True',/useArrayTheoryCheck='1'
1.5593893775017353E7,4874.039613939176,379807.672,18,2622.297939418,/bopt:boolControlVC='False',/bopt:coalesceBlocks='1',/bopt:liveVariableAnalysis='0',/bopt:monomorphize='True',/bopt:removeEmptyBlocks='0',/bopt:subsumption='2',/bopt:typeEncoding='a',/bopt:vc='b',/bopt:z3opt:SMT.MBQI='false',/bopt:z3opt:SMT.MBQI.MAX_ITERATIONS='7482',/deepAsserts='True',/di='True',/doNotUseLabels='False',/noCallTreeReuse='False',/noInitPruning='False',/nonUniformUnfolding='False',/staticInlining='False',/trackAllVars='False',/useArrayTheoryCheck='1'
1.4663387338636138E7,5674.3186757143885,378201.978,2,13425.440321226,/bopt:boolControlVC='False',/bopt:coalesceBlocks='1',/bopt:liveVariableAnalysis='2',/bopt:monomorphize='True',/bopt:removeEmptyBlocks='0',/bopt:subsumption='1',/bopt:typeEncoding='a',/bopt:vc='m',/bopt:z3opt:SMT.MBQI='false',/bopt:z3opt:SMT.MBQI.MAX_ITERATIONS='2842',/deepAsserts='True',/di='True',/doNotUseLabels='False',/noCallTreeReuse='False',/noInitPruning='True',/nonUniformUnfolding='True',/staticInlining='False',/trackAllVars='True',/useArrayTheoryCheck='0'
8616934.890001267,5720.608576629248,378191.069,2,2512.394255988,/bopt:boolControlVC='True',/bopt:coalesceBlocks='0',/bopt:liveVariableAnalysis='2',/bopt:monomorphize='False',/bopt:removeEmptyBlocks='0',/bopt:subsumption='0',/bopt:typeEncoding='m',/bopt:vc='s',/bopt:z3opt:SMT.MBQI='false',/bopt:z3opt:SMT.MBQI.MAX_ITERATIONS='5733',/deepAsserts='True',/di='True',/doNotUseLabels='True',/noCallTreeReuse='True',/noInitPruning='False',/nonUniformUnfolding='True',/staticInlining='False',/trackAllVars='False',/useArrayTheoryCheck='2'
1.8588951591261525E7,4234.779570231804,379256.221,14,14422.416837237,/bopt:boolControlVC='True',/bopt:coalesceBlocks='1',/bopt:liveVariableAnalysis='2',/bopt:monomorphize='False',/bopt:removeEmptyBlocks='0',/bopt:subsumption='2',/bopt:typeEncoding='a',/bopt:vc='d',/bopt:z3opt:SMT.MBQI='false',/bopt:z3opt:SMT.MBQI.MAX_ITERATIONS='14024',/deepAsserts='False',/di='True',/doNotUseLabels='True',/noCallTreeReuse='False',/noInitPruning='False',/nonUniformUnfolding='True',/staticInlining='False',/trackAllVars='True',/useArrayTheoryCheck='1'
1.3708053347455146E7,4622.131722748278,379215.323,38,13566.320341646999,/bopt:boolControlVC='False',/bopt:coalesceBlocks='1',/bopt:liveVariableAnalysis='1',/bopt:monomorphize='False',/bopt:removeEmptyBlocks='1',/bopt:subsumption='2',/bopt:typeEncoding='m',/bopt:vc='b',/bopt:z3opt:SMT.MBQI='false',/bopt:z3opt:SMT.MBQI.MAX_ITERATIONS='21886',/deepAsserts='False',/di='True',/doNotUseLabels='True',/noCallTreeReuse='False',/noInitPruning='False',/nonUniformUnfolding='False',/staticInlining='False',/trackAllVars='True',/useArrayTheoryCheck='0'
1.3560363618835103E7,4052.1851287080353,380420.641,39,13378.096967707,/bopt:boolControlVC='False',/bopt:coalesceBlocks='0',/bopt:liveVariableAnalysis='1',/bopt:monomorphize='False',/bopt:removeEmptyBlocks='0',/bopt:subsumption='2',/bopt:typeEncoding='a',/bopt:vc='s',/bopt:z3opt:SMT.MBQI='true',/bopt:z3opt:SMT.MBQI.MAX_ITERATIONS='12999',/deepAsserts='True',/di='True',/doNotUseLabels='False',/noCallTreeReuse='False',/noInitPruning='True',/nonUniformUnfolding='False',/staticInlining='False',/trackAllVars='True',/useArrayTheoryCheck='1'
1.4887411849839423E7,5418.172871283634,386857.724,1,13287.028440567,/bopt:boolControlVC='False',/bopt:coalesceBlocks='0',/bopt:liveVariableAnalysis='0',/bopt:monomorphize='True',/bopt:removeEmptyBlocks='0',/bopt:subsumption='0',/bopt:typeEncoding='p',/bopt:vc='n',/bopt:z3opt:SMT.MBQI='true',/bopt:z3opt:SMT.MBQI.MAX_ITERATIONS='1000',/deepAsserts='False',/di='True',/doNotUseLabels='False',/noCallTreeReuse='False',/noInitPruning='False',/nonUniformUnfolding='False',/staticInlining='False',/trackAllVars='True',/useArrayTheoryCheck='1'
1.4184356455170508E7,4260.533075695022,379659.83,25,13399.925397744,/bopt:boolControlVC='False',/bopt:coalesceBlocks='1',/bopt:liveVariableAnalysis='2',/bopt:monomorphize='False',/bopt:removeEmptyBlocks='0',/bopt:subsumption='0',/bopt:typeEncoding='p',/bopt:vc='b',/bopt:z3opt:SMT.MBQI='false',/bopt:z3opt:SMT.MBQI.MAX_ITERATIONS='19662',/deepAsserts='False',/di='False',/doNotUseLabels='True',/noCallTreeReuse='False',/noInitPruning='True',/nonUniformUnfolding='True',/staticInlining='False',/trackAllVars='True',/useArrayTheoryCheck='2'
1.516938377901789E7,4860.343242255923,379194.04,7,13666.465067344,/bopt:boolControlVC='False',/bopt:coalesceBlocks='0',/bopt:liveVariableAnalysis='0',/bopt:monomorphize='False',/bopt:removeEmptyBlocks='0',/bopt:subsumption='0',/bopt:typeEncoding='m',/bopt:vc='b',/bopt:z3opt:SMT.MBQI='false',/bopt:z3opt:SMT.MBQI.MAX_ITERATIONS='23493',/deepAsserts='True',/di='False',/doNotUseLabels='False',/noCallTreeReuse='True',/noInitPruning='True',/nonUniformUnfolding='True',/staticInlining='False',/trackAllVars='False',/useArrayTheoryCheck='0'
1.5337380959463915E7,5529.685228214179,379298.143,50,13530.810812998,/bopt:boolControlVC='True',/bopt:coalesceBlocks='1',/bopt:liveVariableAnalysis='1',/bopt:monomorphize='False',/bopt:removeEmptyBlocks='0',/bopt:subsumption='2',/bopt:typeEncoding='m',/bopt:vc='m',/bopt:z3opt:SMT.MBQI='true',/bopt:z3opt:SMT.MBQI.MAX_ITERATIONS='25136',/deepAsserts='True',/di='False',/doNotUseLabels='False',/noCallTreeReuse='False',/noInitPruning='True',/nonUniformUnfolding='False',/staticInlining='False',/trackAllVars='True',/useArrayTheoryCheck='2'
1.752389422939073E7,6288.008294547409,379226.17,53,13374.273359599001,/bopt:boolControlVC='False',/bopt:coalesceBlocks='1',/bopt:liveVariableAnalysis='1',/bopt:monomorphize='False',/bopt:removeEmptyBlocks='0',/bopt:subsumption='2',/bopt:typeEncoding='p',/bopt:vc='m',/bopt:z3opt:SMT.MBQI='true',/bopt:z3opt:SMT.MBQI.MAX_ITERATIONS='12558',/deepAsserts='True',/di='False',/doNotUseLabels='False',/noCallTreeReuse='True',/noInitPruning='True',/nonUniformUnfolding='True',/staticInlining='False',/trackAllVars='False',/useArrayTheoryCheck='0'
1.5149823812794385E7,4921.672957185332,378350.04,31,13682.287846494,/bopt:boolControlVC='True',/bopt:coalesceBlocks='1',/bopt:liveVariableAnalysis='2',/bopt:monomorphize='False',/bopt:removeEmptyBlocks='0',/bopt:subsumption='0',/bopt:typeEncoding='m',/bopt:vc='m',/bopt:z3opt:SMT.MBQI='false',/bopt:z3opt:SMT.MBQI.MAX_ITERATIONS='29042',/deepAsserts='True',/di='True',/doNotUseLabels='False',/noCallTreeReuse='True',/noInitPruning='True',/nonUniformUnfolding='True',/staticInlining='False',/trackAllVars='False',/useArrayTheoryCheck='0'
1.6144801299873829E7,3818.499482068458,379555.69,59,13495.221639120999,/bopt:boolControlVC='False',/bopt:coalesceBlocks='1',/bopt:liveVariableAnalysis='0',/bopt:monomorphize='True',/bopt:removeEmptyBlocks='0',/bopt:subsumption='0',/bopt:typeEncoding='a',/bopt:vc='r',/bopt:z3opt:SMT.MBQI='false',/bopt:z3opt:SMT.MBQI.MAX_ITERATIONS='8384',/deepAsserts='True',/di='False',/doNotUseLabels='True',/noCallTreeReuse='True',/noInitPruning='False',/nonUniformUnfolding='True',/staticInlining='False',/trackAllVars='True',/useArrayTheoryCheck='0'
1.3712191740067596E7,3946.870881888818,379795.235,17,13365.121902096002,/bopt:boolControlVC='False',/bopt:coalesceBlocks='0',/bopt:liveVariableAnalysis='0',/bopt:monomorphize='True',/bopt:removeEmptyBlocks='0',/bopt:subsumption='0',/bopt:typeEncoding='p',/bopt:vc='l',/bopt:z3opt:SMT.MBQI='true',/bopt:z3opt:SMT.MBQI.MAX_ITERATIONS='31228',/deepAsserts='False',/di='False',/doNotUseLabels='True',/noCallTreeReuse='True',/noInitPruning='False',/nonUniformUnfolding='False',/staticInlining='False',/trackAllVars='False',/useArrayTheoryCheck='1'
1.5466982442907892E7,5528.410044533279,381794.245,22,13533.254750011,/bopt:boolControlVC='True',/bopt:coalesceBlocks='1',/bopt:liveVariableAnalysis='1',/bopt:monomorphize='True',/bopt:removeEmptyBlocks='0',/bopt:subsumption='0',/bopt:typeEncoding='m',/bopt:vc='l',/bopt:z3opt:SMT.MBQI='false',/bopt:z3opt:SMT.MBQI.MAX_ITERATIONS='14168',/deepAsserts='True',/di='False',/doNotUseLabels='True',/noCallTreeReuse='True',/noInitPruning='False',/nonUniformUnfolding='False',/staticInlining='False',/trackAllVars='False',/useArrayTheoryCheck='2'
1.6778460239326175E7,4444.438710996595,379706.176,12,13381.091408335,/bopt:boolControlVC='False',/bopt:coalesceBlocks='0',/bopt:liveVariableAnalysis='1',/bopt:monomorphize='False',/bopt:removeEmptyBlocks='0',/bopt:subsumption='1',/bopt:typeEncoding='a',/bopt:vc='r',/bopt:z3opt:SMT.MBQI='false',/bopt:z3opt:SMT.MBQI.MAX_ITERATIONS='10625',/deepAsserts='True',/di='False',/doNotUseLabels='True',/noCallTreeReuse='False',/noInitPruning='False',/nonUniformUnfolding='False',/staticInlining='False',/trackAllVars='False',/useArrayTheoryCheck='2'
1.3812241111168178E7,4621.785610035867,381412.498,11,13332.824128163998,/bopt:boolControlVC='True',/bopt:coalesceBlocks='0',/bopt:liveVariableAnalysis='1',/bopt:monomorphize='True',/bopt:removeEmptyBlocks='1',/bopt:subsumption='1',/bopt:typeEncoding='m',/bopt:vc='r',/bopt:z3opt:SMT.MBQI='true',/bopt:z3opt:SMT.MBQI.MAX_ITERATIONS='14469',/deepAsserts='True',/di='True',/doNotUseLabels='False',/noCallTreeReuse='True',/noInitPruning='True',/nonUniformUnfolding='False',/staticInlining='False',/trackAllVars='False',/useArrayTheoryCheck='0'
1.4448226766690753E7,4870.7444842643035,378019.448,2,2928.8533105260003,/bopt:boolControlVC='True',/bopt:coalesceBlocks='1',/bopt:liveVariableAnalysis='2',/bopt:monomorphize='False',/bopt:removeEmptyBlocks='0',/bopt:subsumption='2',/bopt:typeEncoding='a',/bopt:vc='b',/bopt:z3opt:SMT.MBQI='false',/bopt:z3opt:SMT.MBQI.MAX_ITERATIONS='17438',/deepAsserts='True',/di='False',/doNotUseLabels='False',/noCallTreeReuse='False',/noInitPruning='True',/nonUniformUnfolding='False',/staticInlining='False',/trackAllVars='True',/useArrayTheoryCheck='2'
1.6224788939588772E7,4236.393876860209,378127.594,51,2689.5315047729996,/bopt:boolControlVC='True',/bopt:coalesceBlocks='1',/bopt:liveVariableAnalysis='2',/bopt:monomorphize='True',/bopt:removeEmptyBlocks='1',/bopt:subsumption='1',/bopt:typeEncoding='p',/bopt:vc='m',/bopt:z3opt:SMT.MBQI='false',/bopt:z3opt:SMT.MBQI.MAX_ITERATIONS='14887',/deepAsserts='True',/di='False',/doNotUseLabels='True',/noCallTreeReuse='True',/noInitPruning='True',/nonUniformUnfolding='True',/staticInlining='False',/trackAllVars='True',/useArrayTheoryCheck='2'
1.4449893343400316E7,4149.739203598756,381015.988,6,13425.554930010001,/bopt:boolControlVC='True',/bopt:coalesceBlocks='1',/bopt:liveVariableAnalysis='2',/bopt:monomorphize='False',/bopt:removeEmptyBlocks='0',/bopt:subsumption='2',/bopt:typeEncoding='m',/bopt:vc='r',/bopt:z3opt:SMT.MBQI='true',/bopt:z3opt:SMT.MBQI.MAX_ITERATIONS='24907',/deepAsserts='False',/di='False',/doNotUseLabels='True',/noCallTreeReuse='False',/noInitPruning='False',/nonUniformUnfolding='True',/staticInlining='False',/trackAllVars='False',/useArrayTheoryCheck='2'
1.3943073934722273E7,4880.893384160435,378453.028,5,13217.453763467,/bopt:boolControlVC='True',/bopt:coalesceBlocks='0',/bopt:liveVariableAnalysis='2',/bopt:monomorphize='False',/bopt:removeEmptyBlocks='0',/bopt:subsumption='2',/bopt:typeEncoding='p',/bopt:vc='r',/bopt:z3opt:SMT.MBQI='false',/bopt:z3opt:SMT.MBQI.MAX_ITERATIONS='1209',/deepAsserts='False',/di='False',/doNotUseLabels='False',/noCallTreeReuse='True',/noInitPruning='False',/nonUniformUnfolding='False',/staticInlining='False',/trackAllVars='False',/useArrayTheoryCheck='2'
1.4363126222581739E7,3917.322082467887,378179.882,32,13294.211064142,/bopt:boolControlVC='True',/bopt:coalesceBlocks='1',/bopt:liveVariableAnalysis='0',/bopt:monomorphize='False',/bopt:removeEmptyBlocks='0',/bopt:subsumption='2',/bopt:typeEncoding='a',/bopt:vc='b',/bopt:z3opt:SMT.MBQI='true',/bopt:z3opt:SMT.MBQI.MAX_ITERATIONS='15874',/deepAsserts='False',/di='True',/doNotUseLabels='False',/noCallTreeReuse='False',/noInitPruning='False',/nonUniformUnfolding='True',/staticInlining='False',/trackAllVars='False',/useArrayTheoryCheck='1'
1.8028317874635667E7,4190.756591891347,379621.1,47,13245.599339846,/bopt:boolControlVC='False',/bopt:coalesceBlocks='0',/bopt:liveVariableAnalysis='2',/bopt:monomorphize='True',/bopt:removeEmptyBlocks='0',/bopt:subsumption='0',/bopt:typeEncoding='p',/bopt:vc='m',/bopt:z3opt:SMT.MBQI='false',/bopt:z3opt:SMT.MBQI.MAX_ITERATIONS='26087',/deepAsserts='False',/di='False',/doNotUseLabels='False',/noCallTreeReuse='True',/noInitPruning='False',/nonUniformUnfolding='False',/staticInlining='False',/trackAllVars='False',/useArrayTheoryCheck='2'
1.6060625900530083E7,4135.395608615084,379636.442,22,13444.352049648998,/bopt:boolControlVC='True',/bopt:coalesceBlocks='1',/bopt:liveVariableAnalysis='1',/bopt:monomorphize='False',/bopt:removeEmptyBlocks='1',/bopt:subsumption='1',/bopt:typeEncoding='p',/bopt:vc='m',/bopt:z3opt:SMT.MBQI='true',/bopt:z3opt:SMT.MBQI.MAX_ITERATIONS='15477',/deepAsserts='False',/di='True',/doNotUseLabels='True',/noCallTreeReuse='False',/noInitPruning='False',/nonUniformUnfolding='True',/staticInlining='False',/trackAllVars='True',/useArrayTheoryCheck='2'
1.009225281913656E7,5553.358363104306,227367.744,15,7113.147737265,/bopt:boolControlVC='True',/bopt:coalesceBlocks='0',/bopt:liveVariableAnalysis='0',/bopt:monomorphize='False',/bopt:removeEmptyBlocks='1',/bopt:subsumption='1',/bopt:typeEncoding='a',/bopt:vc='d',/bopt:z3opt:SMT.MBQI='false',/bopt:z3opt:SMT.MBQI.MAX_ITERATIONS='31149',/deepAsserts='False',/di='False',/doNotUseLabels='True',/noCallTreeReuse='True',/noInitPruning='False',/nonUniformUnfolding='True',/staticInlining='False',/trackAllVars='False',/useArrayTheoryCheck='1'
1.3107238387425333E7,5662.462182665097,378233.629,40,14040.441792711,/bopt:boolControlVC='True',/bopt:coalesceBlocks='1',/bopt:liveVariableAnalysis='1',/bopt:monomorphize='False',/bopt:removeEmptyBlocks='1',/bopt:subsumption='0',/bopt:typeEncoding='p',/bopt:vc='s',/bopt:z3opt:SMT.MBQI='true',/bopt:z3opt:SMT.MBQI.MAX_ITERATIONS='10381',/deepAsserts='False',/di='False',/doNotUseLabels='True',/noCallTreeReuse='True',/noInitPruning='True',/nonUniformUnfolding='True',/staticInlining='False',/trackAllVars='False',/useArrayTheoryCheck='1'
1.676692421278191E7,3965.0968606955194,378218.583,58,13330.461419213998,/bopt:boolControlVC='False',/bopt:coalesceBlocks='0',/bopt:liveVariableAnalysis='1',/bopt:monomorphize='True',/bopt:removeEmptyBlocks='1',/bopt:subsumption='0',/bopt:typeEncoding='p',/bopt:vc='b',/bopt:z3opt:SMT.MBQI='true',/bopt:z3opt:SMT.MBQI.MAX_ITERATIONS='17187',/deepAsserts='True',/di='True',/doNotUseLabels='True',/noCallTreeReuse='False',/noInitPruning='True',/nonUniformUnfolding='False',/staticInlining='False',/trackAllVars='True',/useArrayTheoryCheck='1'
1.7044233662876703E7,5847.411341320377,378549.008,41,14360.857290918,/bopt:boolControlVC='True',/bopt:coalesceBlocks='0',/bopt:liveVariableAnalysis='1',/bopt:monomorphize='False',/bopt:removeEmptyBlocks='0',/bopt:subsumption='1',/bopt:typeEncoding='m',/bopt:vc='m',/bopt:z3opt:SMT.MBQI='true',/bopt:z3opt:SMT.MBQI.MAX_ITERATIONS='22456',/deepAsserts='True',/di='False',/doNotUseLabels='False',/noCallTreeReuse='False',/noInitPruning='False',/nonUniformUnfolding='False',/staticInlining='False',/trackAllVars='False',/useArrayTheoryCheck='0'
9440668.283403862,5694.388153506945,379957.711,19,2472.724679706,/bopt:boolControlVC='True',/bopt:coalesceBlocks='0',/bopt:liveVariableAnalysis='2',/bopt:monomorphize='True',/bopt:removeEmptyBlocks='0',/bopt:subsumption='0',/bopt:typeEncoding='m',/bopt:vc='s',/bopt:z3opt:SMT.MBQI='false',/bopt:z3opt:SMT.MBQI.MAX_ITERATIONS='1702',/deepAsserts='True',/di='True',/doNotUseLabels='False',/noCallTreeReuse='True',/noInitPruning='True',/nonUniformUnfolding='True',/staticInlining='False',/trackAllVars='True',/useArrayTheoryCheck='2'
1.5551842071028406E7,6530.061771616331,381741.003,10,13450.178430842001,/bopt:boolControlVC='True',/bopt:coalesceBlocks='1',/bopt:liveVariableAnalysis='2',/bopt:monomorphize='True',/bopt:removeEmptyBlocks='1',/bopt:subsumption='1',/bopt:typeEncoding='a',/bopt:vc='r',/bopt:z3opt:SMT.MBQI='false',/bopt:z3opt:SMT.MBQI.MAX_ITERATIONS='9441',/deepAsserts='True',/di='True',/doNotUseLabels='True',/noCallTreeReuse='True',/noInitPruning='False',/nonUniformUnfolding='True',/staticInlining='False',/trackAllVars='True',/useArrayTheoryCheck='2'
1.4121996033245055E7,6955.092853550735,379858.884,35,13446.281354260002,/bopt:boolControlVC='False',/bopt:coalesceBlocks='0',/bopt:liveVariableAnalysis='0',/bopt:monomorphize='False',/bopt:removeEmptyBlocks='1',/bopt:subsumption='0',/bopt:typeEncoding='a',/bopt:vc='r',/bopt:z3opt:SMT.MBQI='false',/bopt:z3opt:SMT.MBQI.MAX_ITERATIONS='14381',/deepAsserts='False',/di='True',/doNotUseLabels='False',/noCallTreeReuse='True',/noInitPruning='True',/nonUniformUnfolding='True',/staticInlining='False',/trackAllVars='False',/useArrayTheoryCheck='1'
1.623915231030378E7,5398.233617625051,378132.839,16,13597.796673423001,/bopt:boolControlVC='False',/bopt:coalesceBlocks='0',/bopt:liveVariableAnalysis='2',/bopt:monomorphize='True',/bopt:removeEmptyBlocks='1',/bopt:subsumption='2',/bopt:typeEncoding='p',/bopt:vc='r',/bopt:z3opt:SMT.MBQI='true',/bopt:z3opt:SMT.MBQI.MAX_ITERATIONS='26371',/deepAsserts='True',/di='True',/doNotUseLabels='True',/noCallTreeReuse='False',/noInitPruning='True',/nonUniformUnfolding='False',/staticInlining='False',/trackAllVars='True',/useArrayTheoryCheck='1'
1.8024448967948634E7,4560.057712262345,381785.482,40,14163.240605577,/bopt:boolControlVC='False',/bopt:coalesceBlocks='1',/bopt:liveVariableAnalysis='2',/bopt:monomorphize='True',/bopt:removeEmptyBlocks='0',/bopt:subsumption='0',/bopt:typeEncoding='m',/bopt:vc='l',/bopt:z3opt:SMT.MBQI='false',/bopt:z3opt:SMT.MBQI.MAX_ITERATIONS='8424',/deepAsserts='False',/di='False',/doNotUseLabels='False',/noCallTreeReuse='False',/noInitPruning='True',/nonUniformUnfolding='True',/staticInlining='False',/trackAllVars='False',/useArrayTheoryCheck='0'
1.5868097021185003E7,4681.212183790244,379189.072,46,2661.4259984610003,/bopt:boolControlVC='False',/bopt:coalesceBlocks='0',/bopt:liveVariableAnalysis='0',/bopt:monomorphize='True',/bopt:removeEmptyBlocks='0',/bopt:subsumption='0',/bopt:typeEncoding='m',/bopt:vc='l',/bopt:z3opt:SMT.MBQI='false',/bopt:z3opt:SMT.MBQI.MAX_ITERATIONS='13464',/deepAsserts='True',/di='True',/doNotUseLabels='True',/noCallTreeReuse='True',/noInitPruning='False',/nonUniformUnfolding='True',/staticInlining='False',/trackAllVars='False',/useArrayTheoryCheck='0'
1.6159030461676914E7,4811.854363883802,379193.045,5,13527.897699461,/bopt:boolControlVC='True',/bopt:coalesceBlocks='0',/bopt:liveVariableAnalysis='2',/bopt:monomorphize='False',/bopt:removeEmptyBlocks='1',/bopt:subsumption='2',/bopt:typeEncoding='a',/bopt:vc='n',/bopt:z3opt:SMT.MBQI='false',/bopt:z3opt:SMT.MBQI.MAX_ITERATIONS='23658',/deepAsserts='True',/di='True',/doNotUseLabels='False',/noCallTreeReuse='False',/noInitPruning='True',/nonUniformUnfolding='True',/staticInlining='False',/trackAllVars='False',/useArrayTheoryCheck='0'
1.7855817406665675E7,4599.021327487079,378104.513,43,14345.781409229998,/bopt:boolControlVC='True',/bopt:coalesceBlocks='1',/bopt:liveVariableAnalysis='1',/bopt:monomorphize='True',/bopt:removeEmptyBlocks='0',/bopt:subsumption='2',/bopt:typeEncoding='m',/bopt:vc='m',/bopt:z3opt:SMT.MBQI='false',/bopt:z3opt:SMT.MBQI.MAX_ITERATIONS='21748',/deepAsserts='False',/di='False',/doNotUseLabels='True',/noCallTreeReuse='False',/noInitPruning='True',/nonUniformUnfolding='False',/staticInlining='False',/trackAllVars='True',/useArrayTheoryCheck='1'
1.5797781409682207E7,4046.368126735084,378477.768,14,13497.073583769,/bopt:boolControlVC='True',/bopt:coalesceBlocks='0',/bopt:liveVariableAnalysis='1',/bopt:monomorphize='True',/bopt:removeEmptyBlocks='1',/bopt:subsumption='0',/bopt:typeEncoding='p',/bopt:vc='d',/bopt:z3opt:SMT.MBQI='true',/bopt:z3opt:SMT.MBQI.MAX_ITERATIONS='27397',/deepAsserts='False',/di='True',/doNotUseLabels='False',/noCallTreeReuse='False',/noInitPruning='False',/nonUniformUnfolding='False',/staticInlining='False',/trackAllVars='True',/useArrayTheoryCheck='0'
1.7584695602524366E7,6107.577470136255,380550.851,40,13361.367422742,/bopt:boolControlVC='True',/bopt:coalesceBlocks='1',/bopt:liveVariableAnalysis='2',/bopt:monomorphize='True',/bopt:removeEmptyBlocks='0',/bopt:subsumption='2',/bopt:typeEncoding='m',/bopt:vc='m',/bopt:z3opt:SMT.MBQI='true',/bopt:z3opt:SMT.MBQI.MAX_ITERATIONS='22596',/deepAsserts='False',/di='False',/doNotUseLabels='True',/noCallTreeReuse='False',/noInitPruning='False',/nonUniformUnfolding='True',/staticInlining='False',/trackAllVars='False',/useArrayTheoryCheck='2'
1.5543634505889747E7,3520.910235474816,378383.89,35,13604.369470506997,/bopt:boolControlVC='True',/bopt:coalesceBlocks='1',/bopt:liveVariableAnalysis='2',/bopt:monomorphize='True',/bopt:removeEmptyBlocks='1',/bopt:subsumption='1',/bopt:typeEncoding='m',/bopt:vc='r',/bopt:z3opt:SMT.MBQI='true',/bopt:z3opt:SMT.MBQI.MAX_ITERATIONS='2025',/deepAsserts='False',/di='True',/doNotUseLabels='False',/noCallTreeReuse='False',/noInitPruning='False',/nonUniformUnfolding='False',/staticInlining='False',/trackAllVars='False',/useArrayTheoryCheck='2'
1.452316730726391E7,5077.611564668704,327943.936,36,11373.646899332001,/bopt:boolControlVC='False',/bopt:coalesceBlocks='1',/bopt:liveVariableAnalysis='2',/bopt:monomorphize='True',/bopt:removeEmptyBlocks='0',/bopt:subsumption='0',/bopt:typeEncoding='p',/bopt:vc='n',/bopt:z3opt:SMT.MBQI='false',/bopt:z3opt:SMT.MBQI.MAX_ITERATIONS='1025',/deepAsserts='False',/di='True',/doNotUseLabels='False',/noCallTreeReuse='False',/noInitPruning='False',/nonUniformUnfolding='False',/staticInlining='False',/trackAllVars='True',/useArrayTheoryCheck='0'
1.2141330319385925E7,5066.536445315072,380189.11,35,2714.7984497360003,/bopt:boolControlVC='True',/bopt:coalesceBlocks='1',/bopt:liveVariableAnalysis='0',/bopt:monomorphize='True',/bopt:removeEmptyBlocks='1',/bopt:subsumption='0',/bopt:typeEncoding='p',/bopt:vc='d',/bopt:z3opt:SMT.MBQI='false',/bopt:z3opt:SMT.MBQI.MAX_ITERATIONS='15256',/deepAsserts='False',/di='True',/doNotUseLabels='False',/noCallTreeReuse='False',/noInitPruning='True',/nonUniformUnfolding='False',/staticInlining='False',/trackAllVars='False',/useArrayTheoryCheck='0'
1.3747139518150548E7,4166.675993080578,378925.854,3,2884.9469304300005,/bopt:boolControlVC='True',/bopt:coalesceBlocks='1',/bopt:liveVariableAnalysis='1',/bopt:monomorphize='False',/bopt:removeEmptyBlocks='0',/bopt:subsumption='2',/bopt:typeEncoding='m',/bopt:vc='b',/bopt:z3opt:SMT.MBQI='false',/bopt:z3opt:SMT.MBQI.MAX_ITERATIONS='14185',/deepAsserts='True',/di='True',/doNotUseLabels='False',/noCallTreeReuse='True',/noInitPruning='True',/nonUniformUnfolding='False',/staticInlining='False',/trackAllVars='False',/useArrayTheoryCheck='2'
1.6772984886527997E7,5167.351072417375,379452.474,2,2861.510853118,/bopt:boolControlVC='False',/bopt:coalesceBlocks='1',/bopt:liveVariableAnalysis='1',/bopt:monomorphize='True',/bopt:removeEmptyBlocks='0',/bopt:subsumption='1',/bopt:typeEncoding='a',/bopt:vc='n',/bopt:z3opt:SMT.MBQI='false',/bopt:z3opt:SMT.MBQI.MAX_ITERATIONS='32060',/deepAsserts='True',/di='False',/doNotUseLabels='False',/noCallTreeReuse='False',/noInitPruning='True',/nonUniformUnfolding='True',/staticInlining='False',/trackAllVars='False',/useArrayTheoryCheck='2'
1.390390585052733E7,4212.079410438749,379348.253,27,13344.234701217,/bopt:boolControlVC='True',/bopt:coalesceBlocks='0',/bopt:liveVariableAnalysis='1',/bopt:monomorphize='True',/bopt:removeEmptyBlocks='0',/bopt:subsumption='0',/bopt:typeEncoding='m',/bopt:vc='l',/bopt:z3opt:SMT.MBQI='true',/bopt:z3opt:SMT.MBQI.MAX_ITERATIONS='10911',/deepAsserts='False',/di='False',/doNotUseLabels='False',/noCallTreeReuse='False',/noInitPruning='True',/nonUniformUnfolding='False',/staticInlining='False',/trackAllVars='True',/useArrayTheoryCheck='2'
1.2191699679366464E7,4464.9835469479995,383331.922,24,2630.428313903,/bopt:boolControlVC='False',/bopt:coalesceBlocks='1',/bopt:liveVariableAnalysis='0',/bopt:monomorphize='False',/bopt:removeEmptyBlocks='1',/bopt:subsumption='0',/bopt:typeEncoding='a',/bopt:vc='n',/bopt:z3opt:SMT.MBQI='false',/bopt:z3opt:SMT.MBQI.MAX_ITERATIONS='20925',/deepAsserts='False',/di='False',/doNotUseLabels='True',/noCallTreeReuse='True',/noInitPruning='True',/nonUniformUnfolding='True',/staticInlining='False',/trackAllVars='True',/useArrayTheoryCheck='2'
1.7499036613840677E7,5512.807990212605,378121.907,19,14506.696936593,/bopt:boolControlVC='False',/bopt:coalesceBlocks='0',/bopt:liveVariableAnalysis='2',/bopt:monomorphize='True',/bopt:removeEmptyBlocks='1',/bopt:subsumption='2',/bopt:typeEncoding='a',/bopt:vc='n',/bopt:z3opt:SMT.MBQI='true',/bopt:z3opt:SMT.MBQI.MAX_ITERATIONS='32568',/deepAsserts='False',/di='True',/doNotUseLabels='True',/noCallTreeReuse='True',/noInitPruning='False',/nonUniformUnfolding='True',/staticInlining='False',/trackAllVars='False',/useArrayTheoryCheck='1'
1.445198983411804E7,4721.31782126737,378007.754,9,2742.056945478,/bopt:boolControlVC='True',/bopt:coalesceBlocks='0',/bopt:liveVariableAnalysis='2',/bopt:monomorphize='False',/bopt:removeEmptyBlocks='1',/bopt:subsumption='0',/bopt:typeEncoding='a',/bopt:vc='d',/bopt:z3opt:SMT.MBQI='false',/bopt:z3opt:SMT.MBQI.MAX_ITERATIONS='466',/deepAsserts='True',/di='True',/doNotUseLabels='False',/noCallTreeReuse='True',/noInitPruning='False',/nonUniformUnfolding='False',/staticInlining='False',/trackAllVars='True',/useArrayTheoryCheck='0'
1.3870799033720681E7,4280.105041710007,380367.936,55,2749.1858987319997,/bopt:boolControlVC='False',/bopt:coalesceBlocks='1',/bopt:liveVariableAnalysis='0',/bopt:monomorphize='True',/bopt:removeEmptyBlocks='0',/bopt:subsumption='1',/bopt:typeEncoding='a',/bopt:vc='s',/bopt:z3opt:SMT.MBQI='false',/bopt:z3opt:SMT.MBQI.MAX_ITERATIONS='7736',/deepAsserts='False',/di='False',/doNotUseLabels='True',/noCallTreeReuse='True',/noInitPruning='True',/nonUniformUnfolding='False',/staticInlining='False',/trackAllVars='True',/useArrayTheoryCheck='2'
1.6317374591600329E7,5400.669127254934,379925.078,18,13331.197710153,/bopt:boolControlVC='True',/bopt:coalesceBlocks='0',/bopt:liveVariableAnalysis='1',/bopt:monomorphize='True',/bopt:removeEmptyBlocks='0',/bopt:subsumption='1',/bopt:typeEncoding='p',/bopt:vc='m',/bopt:z3opt:SMT.MBQI='false',/bopt:z3opt:SMT.MBQI.MAX_ITERATIONS='19258',/deepAsserts='False',/di='True',/doNotUseLabels='False',/noCallTreeReuse='False',/noInitPruning='False',/nonUniformUnfolding='True',/staticInlining='False',/trackAllVars='True',/useArrayTheoryCheck='1'
1.2837240988988483E7,6777.0639953198615,288451.076,4,9706.613746716,/bopt:boolControlVC='True',/bopt:coalesceBlocks='0',/bopt:liveVariableAnalysis='2',/bopt:monomorphize='True',/bopt:removeEmptyBlocks='1',/bopt:subsumption='0',/bopt:typeEncoding='p',/bopt:vc='s',/bopt:z3opt:SMT.MBQI='true',/bopt:z3opt:SMT.MBQI.MAX_ITERATIONS='15124',/deepAsserts='True',/di='False',/doNotUseLabels='False',/noCallTreeReuse='True',/noInitPruning='True',/nonUniformUnfolding='False',/staticInlining='False',/trackAllVars='False',/useArrayTheoryCheck='0'
1.8386024676699225E7,4324.811291341418,378457.742,34,13498.716715284001,/bopt:boolControlVC='True',/bopt:coalesceBlocks='0',/bopt:liveVariableAnalysis='0',/bopt:monomorphize='True',/bopt:removeEmptyBlocks='1',/bopt:subsumption='0',/bopt:typeEncoding='a',/bopt:vc='l',/bopt:z3opt:SMT.MBQI='false',/bopt:z3opt:SMT.MBQI.MAX_ITERATIONS='28714',/deepAsserts='False',/di='False',/doNotUseLabels='True',/noCallTreeReuse='True',/noInitPruning='False',/nonUniformUnfolding='False',/staticInlining='False',/trackAllVars='False',/useArrayTheoryCheck='1'
1.5797464214327188E7,5088.219129415208,379434.205,34,13604.792478687,/bopt:boolControlVC='True',/bopt:coalesceBlocks='0',/bopt:liveVariableAnalysis='2',/bopt:monomorphize='True',/bopt:removeEmptyBlocks='1',/bopt:subsumption='0',/bopt:typeEncoding='p',/bopt:vc='l',/bopt:z3opt:SMT.MBQI='false',/bopt:z3opt:SMT.MBQI.MAX_ITERATIONS='31875',/deepAsserts='False',/di='True',/doNotUseLabels='True',/noCallTreeReuse='True',/noInitPruning='False',/nonUniformUnfolding='False',/staticInlining='False',/trackAllVars='True',/useArrayTheoryCheck='1'
1.6059721310928723E7,4804.02858815692,379044.406,18,14405.340738976998,/bopt:boolControlVC='False',/bopt:coalesceBlocks='0',/bopt:liveVariableAnalysis='1',/bopt:monomorphize='True',/bopt:removeEmptyBlocks='1',/bopt:subsumption='0',/bopt:typeEncoding='a',/bopt:vc='l',/bopt:z3opt:SMT.MBQI='false',/bopt:z3opt:SMT.MBQI.MAX_ITERATIONS='18085',/deepAsserts='False',/di='True',/doNotUseLabels='False',/noCallTreeReuse='False',/noInitPruning='False',/nonUniformUnfolding='True',/staticInlining='False',/trackAllVars='False',/useArrayTheoryCheck='2'
1.4619033446890678E7,5334.093495952729,378637.146,18,13636.901590526999,/bopt:boolControlVC='False',/bopt:coalesceBlocks='0',/bopt:liveVariableAnalysis='2',/bopt:monomorphize='True',/bopt:removeEmptyBlocks='1',/bopt:subsumption='2',/bopt:typeEncoding='m',/bopt:vc='r',/bopt:z3opt:SMT.MBQI='true',/bopt:z3opt:SMT.MBQI.MAX_ITERATIONS='67',/deepAsserts='False',/di='False',/doNotUseLabels='False',/noCallTreeReuse='False',/noInitPruning='True',/nonUniformUnfolding='True',/staticInlining='False',/trackAllVars='False',/useArrayTheoryCheck='2'
1.4134986453150291E7,5284.331195501912,380264.306,64,2774.744090358,/bopt:boolControlVC='False',/bopt:coalesceBlocks='0',/bopt:liveVariableAnalysis='0',/bopt:monomorphize='False',/bopt:removeEmptyBlocks='1',/bopt:subsumption='2',/bopt:typeEncoding='m',/bopt:vc='l',/bopt:z3opt:SMT.MBQI='false',/bopt:z3opt:SMT.MBQI.MAX_ITERATIONS='24992',/deepAsserts='False',/di='False',/doNotUseLabels='True',/noCallTreeReuse='False',/noInitPruning='False',/nonUniformUnfolding='True',/staticInlining='False',/trackAllVars='True',/useArrayTheoryCheck='1'
1.3433286293707458E7,4861.485133621007,378635.665,39,2692.709515851,/bopt:boolControlVC='False',/bopt:coalesceBlocks='1',/bopt:liveVariableAnalysis='1',/bopt:monomorphize='True',/bopt:removeEmptyBlocks='1',/bopt:subsumption='2',/bopt:typeEncoding='m',/bopt:vc='m',/bopt:z3opt:SMT.MBQI='true',/bopt:z3opt:SMT.MBQI.MAX_ITERATIONS='10895',/deepAsserts='False',/di='True',/doNotUseLabels='False',/noCallTreeReuse='True',/noInitPruning='True',/nonUniformUnfolding='True',/staticInlining='False',/trackAllVars='True',/useArrayTheoryCheck='0'
2702667.1053503226,5017.352484315653,59309.925,9,863.798597607,/bopt:boolControlVC='False',/bopt:coalesceBlocks='1',/bopt:liveVariableAnalysis='0',/bopt:monomorphize='True',/bopt:removeEmptyBlocks='0',/bopt:subsumption='2',/bopt:typeEncoding='a',/bopt:vc='b',/bopt:z3opt:SMT.MBQI='false',/bopt:z3opt:SMT.MBQI.MAX_ITERATIONS='19651',/deepAsserts='False',/di='False',/doNotUseLabels='True',/noCallTreeReuse='False',/noInitPruning='True',/nonUniformUnfolding='False',/staticInlining='False',/trackAllVars='True',/useArrayTheoryCheck='1'
1.7215423789894167E7,5992.289640648039,378496.857,13,13491.384730196,/bopt:boolControlVC='True',/bopt:coalesceBlocks='0',/bopt:liveVariableAnalysis='1',/bopt:monomorphize='False',/bopt:removeEmptyBlocks='1',/bopt:subsumption='0',/bopt:typeEncoding='m',/bopt:vc='n',/bopt:z3opt:SMT.MBQI='false',/bopt:z3opt:SMT.MBQI.MAX_ITERATIONS='7477',/deepAsserts='True',/di='True',/doNotUseLabels='False',/noCallTreeReuse='True',/noInitPruning='False',/nonUniformUnfolding='False',/staticInlining='False',/trackAllVars='True',/useArrayTheoryCheck='2'
1.5967925411004934E7,3766.5401680123373,378307.648,23,13459.049941498,/bopt:boolControlVC='False',/bopt:coalesceBlocks='1',/bopt:liveVariableAnalysis='2',/bopt:monomorphize='False',/bopt:removeEmptyBlocks='1',/bopt:subsumption='2',/bopt:typeEncoding='m',/bopt:vc='r',/bopt:z3opt:SMT.MBQI='true',/bopt:z3opt:SMT.MBQI.MAX_ITERATIONS='23839',/deepAsserts='True',/di='True',/doNotUseLabels='False',/noCallTreeReuse='True',/noInitPruning='False',/nonUniformUnfolding='True',/staticInlining='False',/trackAllVars='True',/useArrayTheoryCheck='0'
1.3489198137809189E7,5395.472019928085,378952.026,53,2616.9776886619998,/bopt:boolControlVC='True',/bopt:coalesceBlocks='0',/bopt:liveVariableAnalysis='0',/bopt:monomorphize='True',/bopt:removeEmptyBlocks='1',/bopt:subsumption='0',/bopt:typeEncoding='a',/bopt:vc='r',/bopt:z3opt:SMT.MBQI='false',/bopt:z3opt:SMT.MBQI.MAX_ITERATIONS='18178',/deepAsserts='False',/di='False',/doNotUseLabels='True',/noCallTreeReuse='True',/noInitPruning='False',/nonUniformUnfolding='True',/staticInlining='False',/trackAllVars='True',/useArrayTheoryCheck='0'
1.65197093483391E7,4067.462167608196,378807.777,63,2766.85777263,/bopt:boolControlVC='True',/bopt:coalesceBlocks='0',/bopt:liveVariableAnalysis='2',/bopt:monomorphize='True',/bopt:removeEmptyBlocks='1',/bopt:subsumption='0',/bopt:typeEncoding='a',/bopt:vc='r',/bopt:z3opt:SMT.MBQI='false',/bopt:z3opt:SMT.MBQI.MAX_ITERATIONS='22322',/deepAsserts='True',/di='False',/doNotUseLabels='True',/noCallTreeReuse='True',/noInitPruning='False',/nonUniformUnfolding='True',/staticInlining='False',/trackAllVars='True',/useArrayTheoryCheck='0'
1.5961454530759135E7,4187.651847978738,379198.367,32,13506.47650759,/bopt:boolControlVC='False',/bopt:coalesceBlocks='0',/bopt:liveVariableAnalysis='0',/bopt:monomorphize='False',/bopt:removeEmptyBlocks='0',/bopt:subsumption='1',/bopt:typeEncoding='a',/bopt:vc='l',/bopt:z3opt:SMT.MBQI='false',/bopt:z3opt:SMT.MBQI.MAX_ITERATIONS='1000',/deepAsserts='True',/di='False',/doNotUseLabels='False',/noCallTreeReuse='False',/noInitPruning='False',/nonUniformUnfolding='True',/staticInlining='False',/trackAllVars='True',/useArrayTheoryCheck='1'
1.4707432822936034E7,4839.578347635866,378377.124,40,14437.952031116,/bopt:boolControlVC='False',/bopt:coalesceBlocks='1',/bopt:liveVariableAnalysis='0',/bopt:monomorphize='False',/bopt:removeEmptyBlocks='0',/bopt:subsumption='1',/bopt:typeEncoding='m',/bopt:vc='m',/bopt:z3opt:SMT.MBQI='true',/bopt:z3opt:SMT.MBQI.MAX_ITERATIONS='27842',/deepAsserts='False',/di='False',/doNotUseLabels='False',/noCallTreeReuse='False',/noInitPruning='True',/nonUniformUnfolding='True',/staticInlining='False',/trackAllVars='False',/useArrayTheoryCheck='1'
1.569004690041668E7,4556.0609324478155,378339.676,9,13486.037835738001,/bopt:boolControlVC='False',/bopt:coalesceBlocks='1',/bopt:liveVariableAnalysis='1',/bopt:monomorphize='False',/bopt:removeEmptyBlocks='0',/bopt:subsumption='0',/bopt:typeEncoding='a',/bopt:vc='m',/bopt:z3opt:SMT.MBQI='true',/bopt:z3opt:SMT.MBQI.MAX_ITERATIONS='15657',/deepAsserts='True',/di='True',/doNotUseLabels='False',/noCallTreeReuse='False',/noInitPruning='True',/nonUniformUnfolding='True',/staticInlining='False',/trackAllVars='True',/useArrayTheoryCheck='2'
1.5597895413578913E7,4216.141641536068,379014.145,44,14320.433002380001,/bopt:boolControlVC='True',/bopt:coalesceBlocks='1',/bopt:liveVariableAnalysis='2',/bopt:monomorphize='False',/bopt:removeEmptyBlocks='0',/bopt:subsumption='2',/bopt:typeEncoding='a',/bopt:vc='b',/bopt:z3opt:SMT.MBQI='true',/bopt:z3opt:SMT.MBQI.MAX_ITERATIONS='16350',/deepAsserts='True',/di='True',/doNotUseLabels='False',/noCallTreeReuse='True',/noInitPruning='True',/nonUniformUnfolding='True',/staticInlining='False',/trackAllVars='True',/useArrayTheoryCheck='1'
1.859533247392316E7,4296.748603929631,379290.104,29,13399.132075931999,/bopt:boolControlVC='True',/bopt:coalesceBlocks='1',/bopt:liveVariableAnalysis='2',/bopt:monomorphize='True',/bopt:removeEmptyBlocks='1',/bopt:subsumption='2',/bopt:typeEncoding='m',/bopt:vc='s',/bopt:z3opt:SMT.MBQI='false',/bopt:z3opt:SMT.MBQI.MAX_ITERATIONS='200',/deepAsserts='True',/di='False',/doNotUseLabels='True',/noCallTreeReuse='True',/noInitPruning='True',/nonUniformUnfolding='False',/staticInlining='False',/trackAllVars='False',/useArrayTheoryCheck='2'
1.4239899888575414E7,5782.391087242065,378954.188,18,2675.4225490209997,/bopt:boolControlVC='True',/bopt:coalesceBlocks='1',/bopt:liveVariableAnalysis='2',/bopt:monomorphize='False',/bopt:removeEmptyBlocks='0',/bopt:subsumption='0',/bopt:typeEncoding='p',/bopt:vc='m',/bopt:z3opt:SMT.MBQI='false',/bopt:z3opt:SMT.MBQI.MAX_ITERATIONS='32209',/deepAsserts='True',/di='False',/doNotUseLabels='True',/noCallTreeReuse='False',/noInitPruning='False',/nonUniformUnfolding='True',/staticInlining='False',/trackAllVars='False',/useArrayTheoryCheck='2'
1.3382008976161607E7,4932.345231627426,378008.711,18,2777.7634025539996,/bopt:boolControlVC='True',/bopt:coalesceBlocks='1',/bopt:liveVariableAnalysis='0',/bopt:monomorphize='False',/bopt:removeEmptyBlocks='1',/bopt:subsumption='0',/bopt:typeEncoding='p',/bopt:vc='s',/bopt:z3opt:SMT.MBQI='false',/bopt:z3opt:SMT.MBQI.MAX_ITERATIONS='30194',/deepAsserts='True',/di='True',/doNotUseLabels='True',/noCallTreeReuse='False',/noInitPruning='True',/nonUniformUnfolding='True',/staticInlining='False',/trackAllVars='True',/useArrayTheoryCheck='2'
1.68574509617668E7,5436.019964503535,378439.047,32,13621.190083843001,/bopt:boolControlVC='True',/bopt:coalesceBlocks='0',/bopt:liveVariableAnalysis='1',/bopt:monomorphize='False',/bopt:removeEmptyBlocks='1',/bopt:subsumption='1',/bopt:typeEncoding='p',/bopt:vc='s',/bopt:z3opt:SMT.MBQI='false',/bopt:z3opt:SMT.MBQI.MAX_ITERATIONS='25364',/deepAsserts='True',/di='False',/doNotUseLabels='True',/noCallTreeReuse='True',/noInitPruning='True',/nonUniformUnfolding='True',/staticInlining='False',/trackAllVars='True',/useArrayTheoryCheck='1'
1.6321071224255566E7,5765.857108173543,378247.205,24,13442.944137966,/bopt:boolControlVC='False',/bopt:coalesceBlocks='0',/bopt:liveVariableAnalysis='1',/bopt:monomorphize='False',/bopt:removeEmptyBlocks='0',/bopt:subsumption='2',/bopt:typeEncoding='a',/bopt:vc='b',/bopt:z3opt:SMT.MBQI='false',/bopt:z3opt:SMT.MBQI.MAX_ITERATIONS='25386',/deepAsserts='True',/di='False',/doNotUseLabels='False',/noCallTreeReuse='True',/noInitPruning='True',/nonUniformUnfolding='True',/staticInlining='False',/trackAllVars='True',/useArrayTheoryCheck='0'
1.479919483495048E7,4617.265044604475,379207.475,18,13449.553572366,/bopt:boolControlVC='True',/bopt:coalesceBlocks='1',/bopt:liveVariableAnalysis='2',/bopt:monomorphize='False',/bopt:removeEmptyBlocks='1',/bopt:subsumption='0',/bopt:typeEncoding='m',/bopt:vc='m',/bopt:z3opt:SMT.MBQI='false',/bopt:z3opt:SMT.MBQI.MAX_ITERATIONS='21789',/deepAsserts='True',/di='False',/doNotUseLabels='True',/noCallTreeReuse='False',/noInitPruning='True',/nonUniformUnfolding='True',/staticInlining='False',/trackAllVars='True',/useArrayTheoryCheck='0'
1.8837106174186356E7,5300.3149716539265,379170.624,20,13482.387927366999,/bopt:boolControlVC='False',/bopt:coalesceBlocks='0',/bopt:liveVariableAnalysis='0',/bopt:monomorphize='False',/bopt:removeEmptyBlocks='0',/bopt:subsumption='0',/bopt:typeEncoding='m',/bopt:vc='r',/bopt:z3opt:SMT.MBQI='false',/bopt:z3opt:SMT.MBQI.MAX_ITERATIONS='1000',/deepAsserts='False',/di='False',/doNotUseLabels='False',/noCallTreeReuse='False',/noInitPruning='True',/nonUniformUnfolding='False',/staticInlining='False',/trackAllVars='True',/useArrayTheoryCheck='1'
1.552165429439618E7,5089.69237001362,378138.341,45,13173.812602622,/bopt:boolControlVC='False',/bopt:coalesceBlocks='0',/bopt:liveVariableAnalysis='2',/bopt:monomorphize='True',/bopt:removeEmptyBlocks='1',/bopt:subsumption='0',/bopt:typeEncoding='m',/bopt:vc='l',/bopt:z3opt:SMT.MBQI='true',/bopt:z3opt:SMT.MBQI.MAX_ITERATIONS='31173',/deepAsserts='False',/di='False',/doNotUseLabels='True',/noCallTreeReuse='True',/noInitPruning='False',/nonUniformUnfolding='False',/staticInlining='False',/trackAllVars='True',/useArrayTheoryCheck='2'
1.394728871773895E7,4866.992060653764,378112.974,51,13609.490882179,/bopt:boolControlVC='True',/bopt:coalesceBlocks='1',/bopt:liveVariableAnalysis='2',/bopt:monomorphize='True',/bopt:removeEmptyBlocks='1',/bopt:subsumption='0',/bopt:typeEncoding='a',/bopt:vc='d',/bopt:z3opt:SMT.MBQI='false',/bopt:z3opt:SMT.MBQI.MAX_ITERATIONS='16221',/deepAsserts='True',/di='False',/doNotUseLabels='False',/noCallTreeReuse='True',/noInitPruning='False',/nonUniformUnfolding='False',/staticInlining='False',/trackAllVars='True',/useArrayTheoryCheck='0'
1.6965088821206074E7,4086.6374381051987,378417.629,20,13428.994409207999,/bopt:boolControlVC='False',/bopt:coalesceBlocks='0',/bopt:liveVariableAnalysis='2',/bopt:monomorphize='True',/bopt:removeEmptyBlocks='1',/bopt:subsumption='0',/bopt:typeEncoding='p',/bopt:vc='r',/bopt:z3opt:SMT.MBQI='true',/bopt:z3opt:SMT.MBQI.MAX_ITERATIONS='1000',/deepAsserts='True',/di='True',/doNotUseLabels='True',/noCallTreeReuse='False',/noInitPruning='True',/nonUniformUnfolding='True',/staticInlining='False',/trackAllVars='False',/useArrayTheoryCheck='1'
1.7036376865509827E7,3789.2903410317285,378472.993,19,13425.755195405,/bopt:boolControlVC='False',/bopt:coalesceBlocks='0',/bopt:liveVariableAnalysis='0',/bopt:monomorphize='True',/bopt:removeEmptyBlocks='0',/bopt:subsumption='2',/bopt:typeEncoding='a',/bopt:vc='l',/bopt:z3opt:SMT.MBQI='true',/bopt:z3opt:SMT.MBQI.MAX_ITERATIONS='10816',/deepAsserts='False',/di='False',/doNotUseLabels='False',/noCallTreeReuse='True',/noInitPruning='False',/nonUniformUnfolding='True',/staticInlining='False',/trackAllVars='True',/useArrayTheoryCheck='2'
1.5150548612226201E7,5834.617833143804,378233.174,25,13422.419907483,/bopt:boolControlVC='True',/bopt:coalesceBlocks='1',/bopt:liveVariableAnalysis='0',/bopt:monomorphize='False',/bopt:removeEmptyBlocks='0',/bopt:subsumption='0',/bopt:typeEncoding='a',/bopt:vc='s',/bopt:z3opt:SMT.MBQI='true',/bopt:z3opt:SMT.MBQI.MAX_ITERATIONS='19661',/deepAsserts='False',/di='False',/doNotUseLabels='True',/noCallTreeReuse='True',/noInitPruning='True',/nonUniformUnfolding='False',/staticInlining='False',/trackAllVars='False',/useArrayTheoryCheck='2'
1.5444276285554923E7,4878.455551242842,380593.398,53,13482.608612936,/bopt:boolControlVC='False',/bopt:coalesceBlocks='1',/bopt:liveVariableAnalysis='0',/bopt:monomorphize='True',/bopt:removeEmptyBlocks='1',/bopt:subsumption='1',/bopt:typeEncoding='a',/bopt:vc='r',/bopt:z3opt:SMT.MBQI='false',/bopt:z3opt:SMT.MBQI.MAX_ITERATIONS='23680',/deepAsserts='False',/di='False',/doNotUseLabels='True',/noCallTreeReuse='True',/noInitPruning='False',/nonUniformUnfolding='True',/staticInlining='False',/trackAllVars='False',/useArrayTheoryCheck='1'
1.6139647338260645E7,3177.6076866833173,379619.772,64,2708.3804337939996,/bopt:boolControlVC='True',/bopt:coalesceBlocks='0',/bopt:liveVariableAnalysis='1',/bopt:monomorphize='False',/bopt:removeEmptyBlocks='1',/bopt:subsumption='0',/bopt:typeEncoding='a',/bopt:vc='l',/bopt:z3opt:SMT.MBQI='false',/bopt:z3opt:SMT.MBQI.MAX_ITERATIONS='23283',/deepAsserts='True',/di='True',/doNotUseLabels='False',/noCallTreeReuse='True',/noInitPruning='False',/nonUniformUnfolding='True',/staticInlining='False',/trackAllVars='True',/useArrayTheoryCheck='2'
1.6883369517457392E7,5243.182206779705,378181.771,10,13402.974458233999,/bopt:boolControlVC='True',/bopt:coalesceBlocks='1',/bopt:liveVariableAnalysis='0',/bopt:monomorphize='True',/bopt:removeEmptyBlocks='0',/bopt:subsumption='0',/bopt:typeEncoding='p',/bopt:vc='s',/bopt:z3opt:SMT.MBQI='false',/bopt:z3opt:SMT.MBQI.MAX_ITERATIONS='1000',/deepAsserts='False',/di='True',/doNotUseLabels='False',/noCallTreeReuse='False',/noInitPruning='True',/nonUniformUnfolding='False',/staticInlining='False',/trackAllVars='True',/useArrayTheoryCheck='0'
1.5645041598250076E7,5649.426022688558,379226.868,30,14281.247976071,/bopt:boolControlVC='False',/bopt:coalesceBlocks='1',/bopt:liveVariableAnalysis='2',/bopt:monomorphize='True',/bopt:removeEmptyBlocks='0',/bopt:subsumption='1',/bopt:typeEncoding='p',/bopt:vc='r',/bopt:z3opt:SMT.MBQI='true',/bopt:z3opt:SMT.MBQI.MAX_ITERATIONS='15819',/deepAsserts='True',/di='True',/doNotUseLabels='True',/noCallTreeReuse='False',/noInitPruning='True',/nonUniformUnfolding='True',/staticInlining='False',/trackAllVars='True',/useArrayTheoryCheck='2'
1.3976597384973984E7,5425.623307599407,380367.17,41,13138.238766613998,/bopt:boolControlVC='True',/bopt:coalesceBlocks='0',/bopt:liveVariableAnalysis='1',/bopt:monomorphize='True',/bopt:removeEmptyBlocks='0',/bopt:subsumption='1',/bopt:typeEncoding='m',/bopt:vc='n',/bopt:z3opt:SMT.MBQI='true',/bopt:z3opt:SMT.MBQI.MAX_ITERATIONS='8809',/deepAsserts='True',/di='False',/doNotUseLabels='False',/noCallTreeReuse='True',/noInitPruning='False',/nonUniformUnfolding='True',/staticInlining='False',/trackAllVars='True',/useArrayTheoryCheck='2'
1.920349614865841E7,5370.670259566757,379992.441,6,14355.975056977,/bopt:boolControlVC='True',/bopt:coalesceBlocks='1',/bopt:liveVariableAnalysis='1',/bopt:monomorphize='False',/bopt:removeEmptyBlocks='1',/bopt:subsumption='2',/bopt:typeEncoding='p',/bopt:vc='n',/bopt:z3opt:SMT.MBQI='true',/bopt:z3opt:SMT.MBQI.MAX_ITERATIONS='10010',/deepAsserts='False',/di='True',/doNotUseLabels='True',/noCallTreeReuse='True',/noInitPruning='False',/nonUniformUnfolding='True',/staticInlining='False',/trackAllVars='True',/useArrayTheoryCheck='1'
1.2661797154211259E7,3976.7316169619294,379445.967,51,2767.54396916,/bopt:boolControlVC='True',/bopt:coalesceBlocks='1',/bopt:liveVariableAnalysis='1',/bopt:monomorphize='True',/bopt:removeEmptyBlocks='0',/bopt:subsumption='0',/bopt:typeEncoding='a',/bopt:vc='r',/bopt:z3opt:SMT.MBQI='false',/bopt:z3opt:SMT.MBQI.MAX_ITERATIONS='16315',/deepAsserts='False',/di='True',/doNotUseLabels='True',/noCallTreeReuse='True',/noInitPruning='True',/nonUniformUnfolding='False',/staticInlining='False',/trackAllVars='False',/useArrayTheoryCheck='0'
1.4615119661006723E7,4847.215703188647,378033.782,10,13438.248780603,/bopt:boolControlVC='True',/bopt:coalesceBlocks='0',/bopt:liveVariableAnalysis='1',/bopt:monomorphize='True',/bopt:removeEmptyBlocks='1',/bopt:subsumption='2',/bopt:typeEncoding='a',/bopt:vc='b',/bopt:z3opt:SMT.MBQI='false',/bopt:z3opt:SMT.MBQI.MAX_ITERATIONS='21831',/deepAsserts='True',/di='True',/doNotUseLabels='False',/noCallTreeReuse='True',/noInitPruning='True',/nonUniformUnfolding='False',/staticInlining='False',/trackAllVars='False',/useArrayTheoryCheck='1'
1.6143443632000938E7,5062.627836571802,379774.073,25,13307.870036732,/bopt:boolControlVC='True',/bopt:coalesceBlocks='1',/bopt:liveVariableAnalysis='0',/bopt:monomorphize='True',/bopt:removeEmptyBlocks='0',/bopt:subsumption='0',/bopt:typeEncoding='a',/bopt:vc='l',/bopt:z3opt:SMT.MBQI='true',/bopt:z3opt:SMT.MBQI.MAX_ITERATIONS='24388',/deepAsserts='True',/di='True',/doNotUseLabels='False',/noCallTreeReuse='False',/noInitPruning='False',/nonUniformUnfolding='False',/staticInlining='False',/trackAllVars='False',/useArrayTheoryCheck='0'
1.6892244653503858E7,3326.629287785391,378679.358,43,13317.644658357998,/bopt:boolControlVC='True',/bopt:coalesceBlocks='1',/bopt:liveVariableAnalysis='2',/bopt:monomorphize='False',/bopt:removeEmptyBlocks='0',/bopt:subsumption='2',/bopt:typeEncoding='a',/bopt:vc='s',/bopt:z3opt:SMT.MBQI='true',/bopt:z3opt:SMT.MBQI.MAX_ITERATIONS='29720',/deepAsserts='False',/di='True',/doNotUseLabels='False',/noCallTreeReuse='False',/noInitPruning='True',/nonUniformUnfolding='False',/staticInlining='False',/trackAllVars='False',/useArrayTheoryCheck='0'
1.389703520587308E7,4316.735899475247,378868.3,11,3089.0214128439998,/bopt:boolControlVC='False',/bopt:coalesceBlocks='1',/bopt:liveVariableAnalysis='0',/bopt:monomorphize='False',/bopt:removeEmptyBlocks='1',/bopt:subsumption='0',/bopt:typeEncoding='a',/bopt:vc='n',/bopt:z3opt:SMT.MBQI='false',/bopt:z3opt:SMT.MBQI.MAX_ITERATIONS='29645',/deepAsserts='True',/di='True',/doNotUseLabels='True',/noCallTreeReuse='False',/noInitPruning='True',/nonUniformUnfolding='True',/staticInlining='False',/trackAllVars='True',/useArrayTheoryCheck='2'
1.7852373307606865E7,5639.676963858415,379188.039,19,13438.174549199,/bopt:boolControlVC='False',/bopt:coalesceBlocks='1',/bopt:liveVariableAnalysis='0',/bopt:monomorphize='True',/bopt:removeEmptyBlocks='0',/bopt:subsumption='2',/bopt:typeEncoding='p',/bopt:vc='l',/bopt:z3opt:SMT.MBQI='false',/bopt:z3opt:SMT.MBQI.MAX_ITERATIONS='10760',/deepAsserts='True',/di='True',/doNotUseLabels='True',/noCallTreeReuse='True',/noInitPruning='True',/nonUniformUnfolding='False',/staticInlining='False',/trackAllVars='True',/useArrayTheoryCheck='1'
1.320325399179622E7,4699.664207137399,379452.574,12,2807.230855476,/bopt:boolControlVC='False',/bopt:coalesceBlocks='1',/bopt:liveVariableAnalysis='0',/bopt:monomorphize='True',/bopt:removeEmptyBlocks='0',/bopt:subsumption='2',/bopt:typeEncoding='m',/bopt:vc='l',/bopt:z3opt:SMT.MBQI='false',/bopt:z3opt:SMT.MBQI.MAX_ITERATIONS='24424',/deepAsserts='True',/di='True',/doNotUseLabels='False',/noCallTreeReuse='False',/noInitPruning='False',/nonUniformUnfolding='True',/staticInlining='False',/trackAllVars='True',/useArrayTheoryCheck='2'
1.1459533062317625E7,4015.0474456132984,379079.396,25,13242.236291474997,/bopt:boolControlVC='True',/bopt:coalesceBlocks='0',/bopt:liveVariableAnalysis='0',/bopt:monomorphize='True',/bopt:removeEmptyBlocks='1',/bopt:subsumption='1',/bopt:typeEncoding='a',/bopt:vc='n',/bopt:z3opt:SMT.MBQI='true',/bopt:z3opt:SMT.MBQI.MAX_ITERATIONS='30900',/deepAsserts='True',/di='True',/doNotUseLabels='True',/noCallTreeReuse='False',/noInitPruning='False',/nonUniformUnfolding='False',/staticInlining='False',/trackAllVars='True',/useArrayTheoryCheck='1'
1.6788015908244602E7,6179.2320953661365,379032.256,11,2942.06763762,/bopt:boolControlVC='False',/bopt:coalesceBlocks='0',/bopt:liveVariableAnalysis='0',/bopt:monomorphize='False',/bopt:removeEmptyBlocks='1',/bopt:subsumption='0',/bopt:typeEncoding='m',/bopt:vc='r',/bopt:z3opt:SMT.MBQI='false',/bopt:z3opt:SMT.MBQI.MAX_ITERATIONS='29579',/deepAsserts='True',/di='False',/doNotUseLabels='True',/noCallTreeReuse='False',/noInitPruning='False',/nonUniformUnfolding='True',/staticInlining='False',/trackAllVars='True',/useArrayTheoryCheck='2'
1.6315235701922318E7,5830.868207475864,378766.597,14,13442.463506357,/bopt:boolControlVC='True',/bopt:coalesceBlocks='1',/bopt:liveVariableAnalysis='1',/bopt:monomorphize='False',/bopt:removeEmptyBlocks='0',/bopt:subsumption='1',/bopt:typeEncoding='m',/bopt:vc='d',/bopt:z3opt:SMT.MBQI='true',/bopt:z3opt:SMT.MBQI.MAX_ITERATIONS='5611',/deepAsserts='False',/di='False',/doNotUseLabels='False',/noCallTreeReuse='True',/noInitPruning='True',/nonUniformUnfolding='True',/staticInlining='False',/trackAllVars='True',/useArrayTheoryCheck='0'
1.7854571528945383E7,3935.4403714140335,379653.828,13,13224.232851603,/bopt:boolControlVC='False',/bopt:coalesceBlocks='0',/bopt:liveVariableAnalysis='1',/bopt:monomorphize='True',/bopt:removeEmptyBlocks='1',/bopt:subsumption='1',/bopt:typeEncoding='p',/bopt:vc='n',/bopt:z3opt:SMT.MBQI='true',/bopt:z3opt:SMT.MBQI.MAX_ITERATIONS='9765',/deepAsserts='False',/di='True',/doNotUseLabels='True',/noCallTreeReuse='True',/noInitPruning='True',/nonUniformUnfolding='False',/staticInlining='False',/trackAllVars='False',/useArrayTheoryCheck='0'
1.4812402653192803E7,4169.470402760685,379988.6,18,2848.78744303,/bopt:boolControlVC='True',/bopt:coalesceBlocks='1',/bopt:liveVariableAnalysis='1',/bopt:monomorphize='True',/bopt:removeEmptyBlocks='0',/bopt:subsumption='0',/bopt:typeEncoding='m',/bopt:vc='n',/bopt:z3opt:SMT.MBQI='false',/bopt:z3opt:SMT.MBQI.MAX_ITERATIONS='21262',/deepAsserts='False',/di='True',/doNotUseLabels='True',/noCallTreeReuse='True',/noInitPruning='False',/nonUniformUnfolding='True',/staticInlining='False',/trackAllVars='False',/useArrayTheoryCheck='0'
1.5084394845017923E7,4583.491549462547,378011.508,6,14278.599902394,/bopt:boolControlVC='True',/bopt:coalesceBlocks='1',/bopt:liveVariableAnalysis='2',/bopt:monomorphize='True',/bopt:removeEmptyBlocks='0',/bopt:subsumption='1',/bopt:typeEncoding='a',/bopt:vc='r',/bopt:z3opt:SMT.MBQI='false',/bopt:z3opt:SMT.MBQI.MAX_ITERATIONS='26438',/deepAsserts='True',/di='True',/doNotUseLabels='False',/noCallTreeReuse='True',/noInitPruning='False',/nonUniformUnfolding='True',/staticInlining='False',/trackAllVars='False',/useArrayTheoryCheck='2'
1.5907427386747155E7,5519.178771200484,378926.508,25,2909.644343982,/bopt:boolControlVC='False',/bopt:coalesceBlocks='1',/bopt:liveVariableAnalysis='1',/bopt:monomorphize='False',/bopt:removeEmptyBlocks='1',/bopt:subsumption='1',/bopt:typeEncoding='a',/bopt:vc='l',/bopt:z3opt:SMT.MBQI='false',/bopt:z3opt:SMT.MBQI.MAX_ITERATIONS='26635',/deepAsserts='True',/di='True',/doNotUseLabels='False',/noCallTreeReuse='True',/noInitPruning='True',/nonUniformUnfolding='True',/staticInlining='False',/trackAllVars='True',/useArrayTheoryCheck='2'
1.5276242098367916E7,7059.0206120831,378263.85,37,13420.805135024,/bopt:boolControlVC='True',/bopt:coalesceBlocks='0',/bopt:liveVariableAnalysis='2',/bopt:monomorphize='True',/bopt:removeEmptyBlocks='1',/bopt:subsumption='2',/bopt:typeEncoding='p',/bopt:vc='r',/bopt:z3opt:SMT.MBQI='false',/bopt:z3opt:SMT.MBQI.MAX_ITERATIONS='27455',/deepAsserts='True',/di='False',/doNotUseLabels='False',/noCallTreeReuse='False',/noInitPruning='False',/nonUniformUnfolding='False',/staticInlining='False',/trackAllVars='False',/useArrayTheoryCheck='1'
1.4983044587046327E7,4828.95901213335,378252.186,25,2915.5782468800003,/bopt:boolControlVC='False',/bopt:coalesceBlocks='0',/bopt:liveVariableAnalysis='2',/bopt:monomorphize='False',/bopt:removeEmptyBlocks='1',/bopt:subsumption='1',/bopt:typeEncoding='p',/bopt:vc='m',/bopt:z3opt:SMT.MBQI='false',/bopt:z3opt:SMT.MBQI.MAX_ITERATIONS='15517',/deepAsserts='False',/di='True',/doNotUseLabels='True',/noCallTreeReuse='False',/noInitPruning='True',/nonUniformUnfolding='True',/staticInlining='False',/trackAllVars='True',/useArrayTheoryCheck='2'
1.3166837752561646E7,4305.737547608125,379335.643,6,2669.483631487,/bopt:boolControlVC='False',/bopt:coalesceBlocks='1',/bopt:liveVariableAnalysis='0',/bopt:monomorphize='True',/bopt:removeEmptyBlocks='0',/bopt:subsumption='1',/bopt:typeEncoding='a',/bopt:vc='n',/bopt:z3opt:SMT.MBQI='false',/bopt:z3opt:SMT.MBQI.MAX_ITERATIONS='28469',/deepAsserts='False',/di='True',/doNotUseLabels='True',/noCallTreeReuse='False',/noInitPruning='False',/nonUniformUnfolding='False',/staticInlining='False',/trackAllVars='False',/useArrayTheoryCheck='2'
1.7395866638517957E7,6253.253491472532,379102.334,25,14375.201432201,/bopt:boolControlVC='False',/bopt:coalesceBlocks='0',/bopt:liveVariableAnalysis='2',/bopt:monomorphize='False',/bopt:removeEmptyBlocks='1',/bopt:subsumption='1',/bopt:typeEncoding='a',/bopt:vc='s',/bopt:z3opt:SMT.MBQI='false',/bopt:z3opt:SMT.MBQI.MAX_ITERATIONS='31748',/deepAsserts='False',/di='False',/doNotUseLabels='False',/noCallTreeReuse='False',/noInitPruning='False',/nonUniformUnfolding='False',/staticInlining='False',/trackAllVars='False',/useArrayTheoryCheck='2'
1.685369236848111E7,4689.106748273297,379457.477,36,14424.379890024002,/bopt:boolControlVC='True',/bopt:coalesceBlocks='1',/bopt:liveVariableAnalysis='0',/bopt:monomorphize='False',/bopt:removeEmptyBlocks='0',/bopt:subsumption='0',/bopt:typeEncoding='p',/bopt:vc='b',/bopt:z3opt:SMT.MBQI='true',/bopt:z3opt:SMT.MBQI.MAX_ITERATIONS='20975',/deepAsserts='True',/di='True',/doNotUseLabels='True',/noCallTreeReuse='False',/noInitPruning='True',/nonUniformUnfolding='True',/staticInlining='False',/trackAllVars='False',/useArrayTheoryCheck='2'
1.6689545085054977E7,3707.2709880681705,379799.103,40,13648.189026678,/bopt:boolControlVC='True',/bopt:coalesceBlocks='1',/bopt:liveVariableAnalysis='0',/bopt:monomorphize='True',/bopt:removeEmptyBlocks='0',/bopt:subsumption='0',/bopt:typeEncoding='m',/bopt:vc='n',/bopt:z3opt:SMT.MBQI='false',/bopt:z3opt:SMT.MBQI.MAX_ITERATIONS='5274',/deepAsserts='False',/di='True',/doNotUseLabels='True',/noCallTreeReuse='False',/noInitPruning='True',/nonUniformUnfolding='False',/staticInlining='False',/trackAllVars='False',/useArrayTheoryCheck='0'
1.8302681852912694E7,5423.70039762441,378320.673,9,13616.803571078999,/bopt:boolControlVC='True',/bopt:coalesceBlocks='0',/bopt:liveVariableAnalysis='2',/bopt:monomorphize='False',/bopt:removeEmptyBlocks='1',/bopt:subsumption='2',/bopt:typeEncoding='m',/bopt:vc='s',/bopt:z3opt:SMT.MBQI='false',/bopt:z3opt:SMT.MBQI.MAX_ITERATIONS='6549',/deepAsserts='False',/di='True',/doNotUseLabels='False',/noCallTreeReuse='False',/noInitPruning='False',/nonUniformUnfolding='True',/staticInlining='False',/trackAllVars='True',/useArrayTheoryCheck='0'
1.478718872227212E7,4703.62039179802,378853.729,16,13665.058519056,/bopt:boolControlVC='True',/bopt:coalesceBlocks='0',/bopt:liveVariableAnalysis='2',/bopt:monomorphize='False',/bopt:removeEmptyBlocks='0',/bopt:subsumption='0',/bopt:typeEncoding='p',/bopt:vc='s',/bopt:z3opt:SMT.MBQI='false',/bopt:z3opt:SMT.MBQI.MAX_ITERATIONS='13850',/deepAsserts='False',/di='False',/doNotUseLabels='False',/noCallTreeReuse='False',/noInitPruning='False',/nonUniformUnfolding='False',/staticInlining='False',/trackAllVars='False',/useArrayTheoryCheck='0'
1.0571627652557084E7,2969.2957903146926,380147.674,34,13544.405377460998,/bopt:boolControlVC='True',/bopt:coalesceBlocks='0',/bopt:liveVariableAnalysis='1',/bopt:monomorphize='False',/bopt:removeEmptyBlocks='0',/bopt:subsumption='0',/bopt:typeEncoding='p',/bopt:vc='s',/bopt:z3opt:SMT.MBQI='true',/bopt:z3opt:SMT.MBQI.MAX_ITERATIONS='25655',/deepAsserts='True',/di='True',/doNotUseLabels='False',/noCallTreeReuse='False',/noInitPruning='False',/nonUniformUnfolding='False',/staticInlining='False',/trackAllVars='False',/useArrayTheoryCheck='2'
1.4836926558969628E7,3528.7492287064983,378856.577,34,2811.7443912669996,/bopt:boolControlVC='False',/bopt:coalesceBlocks='0',/bopt:liveVariableAnalysis='1',/bopt:monomorphize='False',/bopt:removeEmptyBlocks='1',/bopt:subsumption='1',/bopt:typeEncoding='m',/bopt:vc='l',/bopt:z3opt:SMT.MBQI='false',/bopt:z3opt:SMT.MBQI.MAX_ITERATIONS='15944',/deepAsserts='False',/di='True',/doNotUseLabels='False',/noCallTreeReuse='False',/noInitPruning='False',/nonUniformUnfolding='False',/staticInlining='False',/trackAllVars='False',/useArrayTheoryCheck='2'
1.6040420375293072E7,4605.02334862459,378183.611,43,13257.428719715,/bopt:boolControlVC='True',/bopt:coalesceBlocks='1',/bopt:liveVariableAnalysis='0',/bopt:monomorphize='True',/bopt:removeEmptyBlocks='0',/bopt:subsumption='1',/bopt:typeEncoding='a',/bopt:vc='d',/bopt:z3opt:SMT.MBQI='true',/bopt:z3opt:SMT.MBQI.MAX_ITERATIONS='20931',/deepAsserts='False',/di='True',/doNotUseLabels='True',/noCallTreeReuse='True',/noInitPruning='False',/nonUniformUnfolding='True',/staticInlining='False',/trackAllVars='True',/useArrayTheoryCheck='2'
1.4919216287701976E7,4084.341832951045,379134.413,2,13725.562824177001,/bopt:boolControlVC='False',/bopt:coalesceBlocks='0',/bopt:liveVariableAnalysis='0',/bopt:monomorphize='True',/bopt:removeEmptyBlocks='1',/bopt:subsumption='2',/bopt:typeEncoding='p',/bopt:vc='d',/bopt:z3opt:SMT.MBQI='true',/bopt:z3opt:SMT.MBQI.MAX_ITERATIONS='1000',/deepAsserts='False',/di='True',/doNotUseLabels='False',/noCallTreeReuse='False',/noInitPruning='True',/nonUniformUnfolding='False',/staticInlining='False',/trackAllVars='True',/useArrayTheoryCheck='1'
1.5799459082990304E7,4426.170334912093,381005.255,22,13669.59464585,/bopt:boolControlVC='True',/bopt:coalesceBlocks='0',/bopt:liveVariableAnalysis='2',/bopt:monomorphize='True',/bopt:removeEmptyBlocks='1',/bopt:subsumption='0',/bopt:typeEncoding='a',/bopt:vc='m',/bopt:z3opt:SMT.MBQI='true',/bopt:z3opt:SMT.MBQI.MAX_ITERATIONS='3313',/deepAsserts='True',/di='True',/doNotUseLabels='False',/noCallTreeReuse='True',/noInitPruning='True',/nonUniformUnfolding='False',/staticInlining='False',/trackAllVars='False',/useArrayTheoryCheck='0'
1.6800181652967293E7,4373.187581857037,379913.38,33,13278.235752932,/bopt:boolControlVC='False',/bopt:coalesceBlocks='1',/bopt:liveVariableAnalysis='0',/bopt:monomorphize='True',/bopt:removeEmptyBlocks='0',/bopt:subsumption='0',/bopt:typeEncoding='p',/bopt:vc='d',/bopt:z3opt:SMT.MBQI='false',/bopt:z3opt:SMT.MBQI.MAX_ITERATIONS='5422',/deepAsserts='False',/di='True',/doNotUseLabels='False',/noCallTreeReuse='False',/noInitPruning='False',/nonUniformUnfolding='False',/staticInlining='False',/trackAllVars='False',/useArrayTheoryCheck='0'
